{
  "mse": 6.644788426596447,
  "rmse": 2.5777487128493437,
  "r2": 0.6635620872197344,
  "num_samples": 12000
}